[
	{
		"lastname": "Watts",
		"firstname": "Geoffrey",
		"address": "709-6824 Sed Street",
		"phone": "1-223-266-4942",
		"idnumber": "25345032599"
	},
	{
		"lastname": "Wilcox",
		"firstname": "Alan",
		"address": "P.O. Box 264, 8726 Molestie. Ave",
		"phone": "1-985-761-9240",
		"idnumber": "91838955999"
	},
	{
		"lastname": "Mcneil",
		"firstname": "Shafira",
		"address": "404-405 Et Rd.",
		"phone": "1-286-561-1218",
		"idnumber": "84865888299"
	},
	{
		"lastname": "Blackwell",
		"firstname": "Lamar",
		"address": "9112 Non, Rd.",
		"phone": "1-881-418-5985",
		"idnumber": "48838579099"
	},
	{
		"lastname": "Mccormick",
		"firstname": "Calvin",
		"address": "Ap #647-701 Ac Avenue",
		"phone": "1-529-472-1571",
		"idnumber": "53548654899"
	},
	{
		"lastname": "Hurst",
		"firstname": "Eliana",
		"address": "Ap #788-5022 Sed Road",
		"phone": "1-839-323-8738",
		"idnumber": "25775281999"
	},
	{
		"lastname": "Gonzalez",
		"firstname": "Irene",
		"address": "243-5617 Id Road",
		"phone": "1-519-912-3164",
		"idnumber": "63437504199"
	},
	{
		"lastname": "Tillman",
		"firstname": "Colleen",
		"address": "675-3010 Dolor Rd.",
		"phone": "1-439-261-4102",
		"idnumber": "19824336499"
	},
	{
		"lastname": "Mccray",
		"firstname": "Eve",
		"address": "9734 Aliquam Ave",
		"phone": "1-227-860-8769",
		"idnumber": "96764511799"
	},
	{
		"lastname": "Garner",
		"firstname": "Martena",
		"address": "Ap #715-4479 Tristique Avenue",
		"phone": "1-584-464-2758",
		"idnumber": "59382169099"
	},
	{
		"lastname": "Berg",
		"firstname": "Regina",
		"address": "897-8856 Dis Ave",
		"phone": "1-129-287-9999",
		"idnumber": "83659538799"
	},
	{
		"lastname": "Randolph",
		"firstname": "Kasimir",
		"address": "P.O. Box 464, 4820 Auctor Street",
		"phone": "1-904-558-8861",
		"idnumber": "80756828399"
	},
	{
		"lastname": "Schneider",
		"firstname": "Farrah",
		"address": "Ap #607-6058 Blandit Av.",
		"phone": "1-373-776-5330",
		"idnumber": "04803032999"
	},
	{
		"lastname": "Oneil",
		"firstname": "Jemima",
		"address": "2842 Mauris St.",
		"phone": "1-530-918-6979",
		"idnumber": "31683755599"
	},
	{
		"lastname": "Bender",
		"firstname": "Ora",
		"address": "P.O. Box 183, 8602 Metus St.",
		"phone": "1-957-484-7728",
		"idnumber": "09523933799"
	},
	{
		"lastname": "Savage",
		"firstname": "Alyssa",
		"address": "4618 Eu, Ave",
		"phone": "1-822-861-0929",
		"idnumber": "38975983099"
	},
	{
		"lastname": "Floyd",
		"firstname": "Mechelle",
		"address": "3405 Eget, Avenue",
		"phone": "1-295-178-7217",
		"idnumber": "68491885399"
	},
	{
		"lastname": "Jones",
		"firstname": "Zane",
		"address": "P.O. Box 811, 4878 Ut Rd.",
		"phone": "1-806-991-2407",
		"idnumber": "03613008799"
	},
	{
		"lastname": "Hays",
		"firstname": "Meghan",
		"address": "150-913 At Ave",
		"phone": "1-342-641-3161",
		"idnumber": "65588852199"
	},
	{
		"lastname": "Petersen",
		"firstname": "Finn",
		"address": "P.O. Box 383, 4104 In Av.",
		"phone": "1-945-509-7607",
		"idnumber": "15342441899"
	},
	{
		"lastname": "Hayden",
		"firstname": "Jillian",
		"address": "4804 Lorem Road",
		"phone": "1-231-109-5828",
		"idnumber": "30946889899"
	},
	{
		"lastname": "Pruitt",
		"firstname": "Imelda",
		"address": "Ap #385-6706 Arcu Street",
		"phone": "1-904-253-4300",
		"idnumber": "31965728999"
	},
	{
		"lastname": "Martin",
		"firstname": "Yoko",
		"address": "Ap #328-7861 Tempus, Road",
		"phone": "1-966-710-4265",
		"idnumber": "23800626799"
	},
	{
		"lastname": "Ratliff",
		"firstname": "Judah",
		"address": "Ap #997-8644 Convallis St.",
		"phone": "1-764-150-3279",
		"idnumber": "02487475599"
	},
	{
		"lastname": "Cole",
		"firstname": "Ahmed",
		"address": "P.O. Box 524, 5903 Auctor. Ave",
		"phone": "1-260-216-4701",
		"idnumber": "74785334999"
	},
	{
		"lastname": "Lane",
		"firstname": "Hashim",
		"address": "595-9200 Tristique St.",
		"phone": "1-338-802-7023",
		"idnumber": "72629235199"
	},
	{
		"lastname": "Walsh",
		"firstname": "Melissa",
		"address": "Ap #752-8928 Est, Av.",
		"phone": "1-847-486-4837",
		"idnumber": "81872642699"
	},
	{
		"lastname": "Kim",
		"firstname": "Hanna",
		"address": "P.O. Box 719, 779 Donec Street",
		"phone": "1-713-809-6121",
		"idnumber": "32562308499"
	},
	{
		"lastname": "Estes",
		"firstname": "Candice",
		"address": "Ap #980-1344 Nec Ave",
		"phone": "1-508-242-4811",
		"idnumber": "09995828999"
	},
	{
		"lastname": "Nielsen",
		"firstname": "Justina",
		"address": "Ap #436-9187 Vulputate, Ave",
		"phone": "1-649-528-4863",
		"idnumber": "74706242499"
	},
	{
		"lastname": "Ewing",
		"firstname": "Demetria",
		"address": "224-980 Arcu. Avenue",
		"phone": "1-954-769-0251",
		"idnumber": "27416841199"
	},
	{
		"lastname": "Rice",
		"firstname": "Naida",
		"address": "262-1823 Orci, Ave",
		"phone": "1-722-283-9055",
		"idnumber": "87600898499"
	},
	{
		"lastname": "Robinson",
		"firstname": "Zelenia",
		"address": "P.O. Box 701, 6426 Lobortis, Street",
		"phone": "1-709-491-0514",
		"idnumber": "78306397699"
	},
	{
		"lastname": "Powell",
		"firstname": "Imogene",
		"address": "2826 Lectus, Street",
		"phone": "1-301-538-5873",
		"idnumber": "29420930699"
	},
	{
		"lastname": "Garcia",
		"firstname": "Anne",
		"address": "P.O. Box 624, 5298 Elit, Ave",
		"phone": "1-848-676-8133",
		"idnumber": "32904397999"
	},
	{
		"lastname": "Delgado",
		"firstname": "Brett",
		"address": "P.O. Box 215, 8959 Fusce St.",
		"phone": "1-571-740-6489",
		"idnumber": "09250675999"
	},
	{
		"lastname": "Bailey",
		"firstname": "Geoffrey",
		"address": "3818 Sapien. Rd.",
		"phone": "1-264-293-7915",
		"idnumber": "15598049599"
	},
	{
		"lastname": "Finley",
		"firstname": "Nelle",
		"address": "P.O. Box 978, 7301 Consequat Av.",
		"phone": "1-662-638-9702",
		"idnumber": "86406468199"
	},
	{
		"lastname": "Robinson",
		"firstname": "Kenneth",
		"address": "P.O. Box 588, 5545 Luctus Ave",
		"phone": "1-271-977-3442",
		"idnumber": "88567727799"
	},
	{
		"lastname": "Haynes",
		"firstname": "Deanna",
		"address": "Ap #285-6294 Ligula Av.",
		"phone": "1-154-501-9460",
		"idnumber": "84899870299"
	},
	{
		"lastname": "Austin",
		"firstname": "Germane",
		"address": "3550 Tincidunt, Avenue",
		"phone": "1-602-995-9950",
		"idnumber": "64644125899"
	},
	{
		"lastname": "Perry",
		"firstname": "Illana",
		"address": "2913 Orci. Ave",
		"phone": "1-647-268-0970",
		"idnumber": "44860504699"
	},
	{
		"lastname": "Suarez",
		"firstname": "Lamar",
		"address": "P.O. Box 885, 6441 Lobortis Rd.",
		"phone": "1-105-518-4108",
		"idnumber": "50805896399"
	},
	{
		"lastname": "Prince",
		"firstname": "Zachery",
		"address": "890-1270 Tellus. Av.",
		"phone": "1-531-645-4078",
		"idnumber": "47952730699"
	},
	{
		"lastname": "Mccray",
		"firstname": "Demetrius",
		"address": "255-3849 Nunc St.",
		"phone": "1-317-960-4222",
		"idnumber": "61705416199"
	},
	{
		"lastname": "Maldonado",
		"firstname": "Isaac",
		"address": "5010 Egestas Rd.",
		"phone": "1-715-829-9320",
		"idnumber": "48314838499"
	},
	{
		"lastname": "Mullins",
		"firstname": "Brennan",
		"address": "942-7204 Vestibulum Av.",
		"phone": "1-541-166-9187",
		"idnumber": "36958845799"
	},
	{
		"lastname": "Osborn",
		"firstname": "Wing",
		"address": "959 Quis, Road",
		"phone": "1-435-189-1870",
		"idnumber": "24532520399"
	},
	{
		"lastname": "Kirk",
		"firstname": "Axel",
		"address": "331 Ante Street",
		"phone": "1-414-850-2563",
		"idnumber": "81279297799"
	},
	{
		"lastname": "Peters",
		"firstname": "Candice",
		"address": "P.O. Box 376, 5786 Pharetra Ave",
		"phone": "1-826-242-9604",
		"idnumber": "96658567599"
	},
	{
		"lastname": "Berger",
		"firstname": "Lara",
		"address": "745-8660 Auctor Av.",
		"phone": "1-114-955-7704",
		"idnumber": "69806292199"
	},
	{
		"lastname": "Freeman",
		"firstname": "Zane",
		"address": "P.O. Box 129, 635 Dolor St.",
		"phone": "1-218-153-0775",
		"idnumber": "84877324899"
	},
	{
		"lastname": "Mccormick",
		"firstname": "Nyssa",
		"address": "P.O. Box 997, 9814 Proin Av.",
		"phone": "1-537-575-1563",
		"idnumber": "92867301199"
	},
	{
		"lastname": "Ayala",
		"firstname": "Ayanna",
		"address": "P.O. Box 349, 9694 Facilisis Ave",
		"phone": "1-359-768-3133",
		"idnumber": "66548740099"
	},
	{
		"lastname": "Mcguire",
		"firstname": "Solomon",
		"address": "Ap #194-8801 Mauris. Rd.",
		"phone": "1-150-478-1828",
		"idnumber": "24580636499"
	},
	{
		"lastname": "Maddox",
		"firstname": "Herrod",
		"address": "7379 Malesuada Rd.",
		"phone": "1-769-582-6036",
		"idnumber": "93228086799"
	},
	{
		"lastname": "Harding",
		"firstname": "TaShya",
		"address": "9007 Nisi Rd.",
		"phone": "1-919-184-0583",
		"idnumber": "31919232999"
	},
	{
		"lastname": "Walton",
		"firstname": "Ivana",
		"address": "527-2464 Vulputate Rd.",
		"phone": "1-346-707-6540",
		"idnumber": "19250339399"
	},
	{
		"lastname": "Wilkins",
		"firstname": "Declan",
		"address": "Ap #141-9905 Nibh. Ave",
		"phone": "1-776-616-3336",
		"idnumber": "90258995499"
	},
	{
		"lastname": "Mayo",
		"firstname": "Hayley",
		"address": "1324 Metus Rd.",
		"phone": "1-889-539-7561",
		"idnumber": "05880136499"
	},
	{
		"lastname": "Walton",
		"firstname": "Kiayada",
		"address": "393-2097 Ac Av.",
		"phone": "1-551-576-7627",
		"idnumber": "64254661099"
	},
	{
		"lastname": "Contreras",
		"firstname": "Jenette",
		"address": "5721 Quis Rd.",
		"phone": "1-749-421-1489",
		"idnumber": "03513653999"
	},
	{
		"lastname": "Wright",
		"firstname": "Stella",
		"address": "370-4812 Convallis St.",
		"phone": "1-983-530-8369",
		"idnumber": "84422716699"
	},
	{
		"lastname": "Delacruz",
		"firstname": "Tara",
		"address": "3616 Arcu Avenue",
		"phone": "1-580-919-8378",
		"idnumber": "09457103699"
	},
	{
		"lastname": "Cortez",
		"firstname": "Nell",
		"address": "Ap #184-3208 Lobortis Road",
		"phone": "1-405-258-4174",
		"idnumber": "80217288499"
	},
	{
		"lastname": "Hensley",
		"firstname": "Nyssa",
		"address": "167-3868 Tempus Street",
		"phone": "1-890-296-6944",
		"idnumber": "43883174499"
	},
	{
		"lastname": "Payne",
		"firstname": "Nigel",
		"address": "Ap #154-5007 Eleifend Rd.",
		"phone": "1-896-186-0044",
		"idnumber": "21966451899"
	},
	{
		"lastname": "Lopez",
		"firstname": "Emi",
		"address": "474-5620 Luctus Rd.",
		"phone": "1-806-906-0374",
		"idnumber": "75795752399"
	},
	{
		"lastname": "Hicks",
		"firstname": "Elvis",
		"address": "141-6752 Diam. Avenue",
		"phone": "1-595-398-0856",
		"idnumber": "16983048499"
	},
	{
		"lastname": "Blake",
		"firstname": "Rahim",
		"address": "P.O. Box 586, 6090 Sagittis St.",
		"phone": "1-289-325-2820",
		"idnumber": "11448777699"
	},
	{
		"lastname": "Donaldson",
		"firstname": "Wendy",
		"address": "Ap #201-8030 Odio, Street",
		"phone": "1-957-241-0776",
		"idnumber": "27633958999"
	},
	{
		"lastname": "Stokes",
		"firstname": "Hop",
		"address": "P.O. Box 357, 2957 Nec Avenue",
		"phone": "1-639-366-3658",
		"idnumber": "14395453399"
	},
	{
		"lastname": "Snider",
		"firstname": "Sigourney",
		"address": "P.O. Box 447, 1525 Ac St.",
		"phone": "1-553-401-1192",
		"idnumber": "64739117299"
	},
	{
		"lastname": "Horne",
		"firstname": "Madison",
		"address": "Ap #240-9566 Sapien, Avenue",
		"phone": "1-758-898-2822",
		"idnumber": "72284101499"
	},
	{
		"lastname": "Duke",
		"firstname": "Roanna",
		"address": "Ap #320-334 Et Rd.",
		"phone": "1-737-523-1432",
		"idnumber": "96493088799"
	},
	{
		"lastname": "Valencia",
		"firstname": "Brock",
		"address": "Ap #862-4245 Neque Rd.",
		"phone": "1-759-669-7899",
		"idnumber": "00650975799"
	},
	{
		"lastname": "Mcintyre",
		"firstname": "Leo",
		"address": "Ap #904-2750 Enim, Street",
		"phone": "1-308-790-1927",
		"idnumber": "27482056299"
	},
	{
		"lastname": "Duke",
		"firstname": "Nell",
		"address": "940-9376 Aenean Av.",
		"phone": "1-658-979-3718",
		"idnumber": "79224095599"
	},
	{
		"lastname": "Nieves",
		"firstname": "Moses",
		"address": "2668 Nec St.",
		"phone": "1-717-175-2390",
		"idnumber": "48933029899"
	},
	{
		"lastname": "Crosby",
		"firstname": "Illiana",
		"address": "P.O. Box 585, 1176 Diam Road",
		"phone": "1-246-232-1872",
		"idnumber": "79754326599"
	},
	{
		"lastname": "Burch",
		"firstname": "Lani",
		"address": "P.O. Box 765, 2586 Semper, Ave",
		"phone": "1-258-121-7102",
		"idnumber": "07278452199"
	},
	{
		"lastname": "Larsen",
		"firstname": "Lara",
		"address": "5559 At Rd.",
		"phone": "1-172-848-1925",
		"idnumber": "59723276199"
	},
	{
		"lastname": "Stone",
		"firstname": "Melanie",
		"address": "Ap #187-1321 Suscipit, Rd.",
		"phone": "1-253-859-3221",
		"idnumber": "51254421399"
	},
	{
		"lastname": "Stone",
		"firstname": "Ginger",
		"address": "458-4925 Donec Road",
		"phone": "1-804-619-2221",
		"idnumber": "85472576899"
	},
	{
		"lastname": "Medina",
		"firstname": "Rudyard",
		"address": "Ap #270-407 Metus. St.",
		"phone": "1-319-887-4267",
		"idnumber": "40467961199"
	},
	{
		"lastname": "Potter",
		"firstname": "Calvin",
		"address": "P.O. Box 873, 9899 Sed St.",
		"phone": "1-293-346-6418",
		"idnumber": "66849721899"
	},
	{
		"lastname": "Copeland",
		"firstname": "Elliott",
		"address": "P.O. Box 866, 2425 Montes, Avenue",
		"phone": "1-771-847-0749",
		"idnumber": "66322161199"
	},
	{
		"lastname": "Vance",
		"firstname": "Lani",
		"address": "P.O. Box 774, 331 Dolor Rd.",
		"phone": "1-392-173-5329",
		"idnumber": "61375085099"
	},
	{
		"lastname": "Case",
		"firstname": "Baker",
		"address": "694-9965 Luctus Road",
		"phone": "1-224-914-9209",
		"idnumber": "92524621499"
	},
	{
		"lastname": "Hooper",
		"firstname": "Camille",
		"address": "Ap #859-2324 Nullam Rd.",
		"phone": "1-647-783-1809",
		"idnumber": "39485388499"
	},
	{
		"lastname": "Coleman",
		"firstname": "Gemma",
		"address": "9155 Lobortis St.",
		"phone": "1-206-685-6442",
		"idnumber": "49961063399"
	},
	{
		"lastname": "Mercado",
		"firstname": "Alan",
		"address": "Ap #835-2686 Lectus Road",
		"phone": "1-118-571-8488",
		"idnumber": "90775777799"
	},
	{
		"lastname": "Albert",
		"firstname": "Wyatt",
		"address": "P.O. Box 732, 4673 Non, Ave",
		"phone": "1-221-217-2842",
		"idnumber": "63973586999"
	},
	{
		"lastname": "Nicholson",
		"firstname": "Hakeem",
		"address": "745-5528 Mi, St.",
		"phone": "1-846-203-8804",
		"idnumber": "94506208699"
	},
	{
		"lastname": "Cotton",
		"firstname": "Gemma",
		"address": "P.O. Box 312, 8890 Interdum. Rd.",
		"phone": "1-365-718-9000",
		"idnumber": "46553222299"
	},
	{
		"lastname": "Mccall",
		"firstname": "Zena",
		"address": "P.O. Box 195, 346 Ut Ave",
		"phone": "1-772-538-3198",
		"idnumber": "85579925199"
	},
	{
		"lastname": "Watkins",
		"firstname": "Cara",
		"address": "4225 Eu St.",
		"phone": "1-807-806-1459",
		"idnumber": "54337339099"
	},
	{
		"lastname": "Gill",
		"firstname": "Jolie",
		"address": "P.O. Box 245, 6582 Erat, Av.",
		"phone": "1-311-807-9593",
		"idnumber": "72312687799"
	},
	{
		"lastname": "Head",
		"firstname": "Chaim",
		"address": "982-3348 Ut, St.",
		"phone": "1-661-963-7013",
		"idnumber": "69606026599"
	},
	{
		"lastname": "Page",
		"firstname": "Lesley",
		"address": "P.O. Box 531, 8581 Sagittis Rd.",
		"phone": "1-702-290-4379",
		"idnumber": "23676515499"
	}
]