<?xml version='1.0' encoding='UTF-8'?>
<dataset>
    <employee>
        <last_name>Muskett</last_name>
        <first_name>Dodi</first_name>
        <id>56-5592901</id>
        <company>Photolist</company>
        <job_title>Civil Engineer</job_title>
        <phone>502-185-5776</phone>
    </employee>
    <employee>
        <last_name>Lamzed</last_name>
        <first_name>Mathias</first_name>
        <id>61-7300844</id>
        <company>Lazzy</company>
        <job_title>Nurse Practicioner</job_title>
        <phone>856-487-6271</phone>
    </employee>
    <employee>
        <last_name>Horsefield</last_name>
        <first_name>Cirillo</first_name>
        <id>93-4602763</id>
        <company>Voonte</company>
        <job_title>Senior Sales Associate</job_title>
        <phone>314-533-5944</phone>
    </employee>
    <employee>
        <last_name>Madsen</last_name>
        <first_name>Minni</first_name>
        <id>42-5277162</id>
        <company>Eidel</company>
        <job_title>Paralegal</job_title>
        <phone>983-470-6480</phone>
    </employee>
    <employee>
        <last_name>Leetham</last_name>
        <first_name>Priscella</first_name>
        <id>29-3499743</id>
        <company>Livetube</company>
        <job_title>Geologist I</job_title>
        <phone>656-878-2772</phone>
    </employee>
    <employee>
        <last_name>Bucktharp</last_name>
        <first_name>Lemmy</first_name>
        <id>17-2857284</id>
        <company>Topicblab</company>
        <job_title>Graphic Designer</job_title>
        <phone>464-471-4549</phone>
    </employee>
    <employee>
        <last_name>Swanton</last_name>
        <first_name>Robinetta</first_name>
        <id>06-3780288</id>
        <company>Fiveclub</company>
        <job_title>Financial Analyst</job_title>
        <phone>760-423-7819</phone>
    </employee>
    <employee>
        <last_name>Haine</last_name>
        <first_name>King</first_name>
        <id>43-0704609</id>
        <company>Quatz</company>
        <job_title>Product Engineer</job_title>
        <phone>611-388-8372</phone>
    </employee>
    <employee>
        <last_name>Stuchberry</last_name>
        <first_name>Thorpe</first_name>
        <id>98-3144714</id>
        <company>Kimia</company>
        <job_title>Executive Secretary</job_title>
        <phone>837-603-2410</phone>
    </employee>
    <employee>
        <last_name>Fenimore</last_name>
        <first_name>Mella</first_name>
        <id>51-5464308</id>
        <company>Eare</company>
        <job_title>Operator</job_title>
        <phone>928-636-1070</phone>
    </employee>
    <employee>
        <last_name>Hammerberger</last_name>
        <first_name>Kimberly</first_name>
        <id>50-2322341</id>
        <company>Abatz</company>
        <job_title>Assistant Professor</job_title>
        <phone>196-446-9090</phone>
    </employee>
    <employee>
        <last_name>Von Oertzen</last_name>
        <first_name>Moria</first_name>
        <id>41-1728869</id>
        <company>Babbleblab</company>
        <job_title>Chief Design Engineer</job_title>
        <phone>956-834-4860</phone>
    </employee>
    <employee>
        <last_name>Gange</last_name>
        <first_name>Shaylyn</first_name>
        <id>81-4848345</id>
        <company>Jaxnation</company>
        <job_title>Database Administrator III</job_title>
        <phone>412-749-8034</phone>
    </employee>
    <employee>
        <last_name>Corradetti</last_name>
        <first_name>Amalia</first_name>
        <id>48-5619399</id>
        <company>Meeveo</company>
        <job_title>Developer III</job_title>
        <phone>626-227-1051</phone>
    </employee>
    <employee>
        <last_name>Pettinger</last_name>
        <first_name>Titus</first_name>
        <id>21-5036215</id>
        <company>Kwinu</company>
        <job_title>Quality Engineer</job_title>
        <phone>598-837-6046</phone>
    </employee>
    <employee>
        <last_name>Elson</last_name>
        <first_name>Nettie</first_name>
        <id>12-3522649</id>
        <company>Realmix</company>
        <job_title>Safety Technician II</job_title>
        <phone>227-840-0839</phone>
    </employee>
    <employee>
        <last_name>Reynard</last_name>
        <first_name>Lenora</first_name>
        <id>76-9155041</id>
        <company>Lazzy</company>
        <job_title>Sales Representative</job_title>
        <phone>865-325-0978</phone>
    </employee>
    <employee>
        <last_name>L'Episcopi</last_name>
        <first_name>Jessamyn</first_name>
        <id>22-9691058</id>
        <company>Innojam</company>
        <job_title>Research Associate</job_title>
        <phone>978-545-0850</phone>
    </employee>
    <employee>
        <last_name>O'Sesnane</last_name>
        <first_name>Alena</first_name>
        <id>90-9113145</id>
        <company>Yotz</company>
        <job_title>Software Consultant</job_title>
        <phone>962-659-8532</phone>
    </employee>
    <employee>
        <last_name>Tunkin</last_name>
        <first_name>Isabelita</first_name>
        <id>52-2000033</id>
        <company>Quimm</company>
        <job_title>Librarian</job_title>
        <phone>447-342-6739</phone>
    </employee>
    <employee>
        <last_name>Deveril</last_name>
        <first_name>Stephana</first_name>
        <id>81-5230268</id>
        <company>Zazio</company>
        <job_title>VP Product Management</job_title>
        <phone>208-113-4449</phone>
    </employee>
    <employee>
        <last_name>Birney</last_name>
        <first_name>Milty</first_name>
        <id>55-8518926</id>
        <company>Youopia</company>
        <job_title>VP Accounting</job_title>
        <phone>150-330-5025</phone>
    </employee>
    <employee>
        <last_name>Schneider</last_name>
        <first_name>Peadar</first_name>
        <id>26-6442745</id>
        <company>Photobean</company>
        <job_title>Analyst Programmer</job_title>
        <phone>637-822-2230</phone>
    </employee>
    <employee>
        <last_name>Gladbeck</last_name>
        <first_name>Wilfrid</first_name>
        <id>32-3682013</id>
        <company>Devpoint</company>
        <job_title>Computer Systems Analyst IV</job_title>
        <phone>448-801-3752</phone>
    </employee>
    <employee>
        <last_name>Basketfield</last_name>
        <first_name>Vivyan</first_name>
        <id>09-0194829</id>
        <company>Edgepulse</company>
        <job_title>Staff Accountant I</job_title>
        <phone>445-301-5570</phone>
    </employee>
    <employee>
        <last_name>Annable</last_name>
        <first_name>Linzy</first_name>
        <id>68-9931339</id>
        <company>Shufflebeat</company>
        <job_title>Physical Therapy Assistant</job_title>
        <phone>396-541-7537</phone>
    </employee>
    <employee>
        <last_name>Jaram</last_name>
        <first_name>Isa</first_name>
        <id>87-9982229</id>
        <company>Voonte</company>
        <job_title>Community Outreach Specialist</job_title>
        <phone>610-803-4201</phone>
    </employee>
    <employee>
        <last_name>Rignoldes</last_name>
        <first_name>Wilma</first_name>
        <id>44-6241236</id>
        <company>Kare</company>
        <job_title>Sales Representative</job_title>
        <phone>526-717-4035</phone>
    </employee>
    <employee>
        <last_name>Pinilla</last_name>
        <first_name>Raynor</first_name>
        <id>57-7194972</id>
        <company>Layo</company>
        <job_title>Computer Systems Analyst III</job_title>
        <phone>566-807-6713</phone>
    </employee>
    <employee>
        <last_name>Yeulet</last_name>
        <first_name>Tanya</first_name>
        <id>48-4117465</id>
        <company>Skimia</company>
        <job_title>Software Test Engineer I</job_title>
        <phone>358-450-6049</phone>
    </employee>
    <employee>
        <last_name>Bidder</last_name>
        <first_name>Major</first_name>
        <id>69-7180889</id>
        <company>Gigabox</company>
        <job_title>Biostatistician III</job_title>
        <phone>902-932-0232</phone>
    </employee>
    <employee>
        <last_name>Pilley</last_name>
        <first_name>Adi</first_name>
        <id>77-3794380</id>
        <company>Nlounge</company>
        <job_title>Analog Circuit Design manager</job_title>
        <phone>903-884-6821</phone>
    </employee>
    <employee>
        <last_name>Leagas</last_name>
        <first_name>Cyrus</first_name>
        <id>05-3208007</id>
        <company>Youbridge</company>
        <job_title>VP Marketing</job_title>
        <phone>772-194-8850</phone>
    </employee>
    <employee>
        <last_name>Battany</last_name>
        <first_name>Halsey</first_name>
        <id>43-3826145</id>
        <company>Photobug</company>
        <job_title>Quality Control Specialist</job_title>
        <phone>412-248-4587</phone>
    </employee>
    <employee>
        <last_name>Menhci</last_name>
        <first_name>Yvette</first_name>
        <id>55-3450469</id>
        <company>InnoZ</company>
        <job_title>Assistant Media Planner</job_title>
        <phone>850-833-7938</phone>
    </employee>
    <employee>
        <last_name>Rembrandt</last_name>
        <first_name>Toby</first_name>
        <id>83-4010013</id>
        <company>Tazzy</company>
        <job_title>Civil Engineer</job_title>
        <phone>321-486-4565</phone>
    </employee>
    <employee>
        <last_name>Maffi</last_name>
        <first_name>Bastian</first_name>
        <id>23-5791917</id>
        <company>Ntags</company>
        <job_title>Tax Accountant</job_title>
        <phone>488-370-8811</phone>
    </employee>
    <employee>
        <last_name>Le Grove</last_name>
        <first_name>Ettore</first_name>
        <id>36-5325433</id>
        <company>Browsecat</company>
        <job_title>Mechanical Systems Engineer</job_title>
        <phone>579-461-8241</phone>
    </employee>
    <employee>
        <last_name>Cummings</last_name>
        <first_name>Berton</first_name>
        <id>67-1429023</id>
        <company>Janyx</company>
        <job_title>Safety Technician IV</job_title>
        <phone>857-958-2914</phone>
    </employee>
    <employee>
        <last_name>Georgeon</last_name>
        <first_name>Ulysses</first_name>
        <id>81-7845170</id>
        <company>Izio</company>
        <job_title>Structural Engineer</job_title>
        <phone>293-766-0543</phone>
    </employee>
    <employee>
        <last_name>Cheake</last_name>
        <first_name>Tabb</first_name>
        <id>86-8996174</id>
        <company>Vinder</company>
        <job_title>Legal Assistant</job_title>
        <phone>216-259-6509</phone>
    </employee>
    <employee>
        <last_name>Ackhurst</last_name>
        <first_name>Ronda</first_name>
        <id>52-5584629</id>
        <company>Thoughtbridge</company>
        <job_title>Chief Design Engineer</job_title>
        <phone>302-222-6069</phone>
    </employee>
    <employee>
        <last_name>Sutor</last_name>
        <first_name>Lynnette</first_name>
        <id>06-2133466</id>
        <company>Wordify</company>
        <job_title>Desktop Support Technician</job_title>
        <phone>534-698-0569</phone>
    </employee>
    <employee>
        <last_name>Puleque</last_name>
        <first_name>Lurlene</first_name>
        <id>14-4465271</id>
        <company>Topdrive</company>
        <job_title>Account Representative I</job_title>
        <phone>953-170-8321</phone>
    </employee>
    <employee>
        <last_name>Greeding</last_name>
        <first_name>Ruthy</first_name>
        <id>78-2572068</id>
        <company>Layo</company>
        <job_title>Software Consultant</job_title>
        <phone>945-993-3416</phone>
    </employee>
    <employee>
        <last_name>Aristide</last_name>
        <first_name>Obadiah</first_name>
        <id>06-5724863</id>
        <company>Izio</company>
        <job_title>Budget/Accounting Analyst II</job_title>
        <phone>321-689-7913</phone>
    </employee>
    <employee>
        <last_name>Spoerl</last_name>
        <first_name>Eleanor</first_name>
        <id>23-0982476</id>
        <company>Bubbletube</company>
        <job_title>Help Desk Operator</job_title>
        <phone>741-744-5335</phone>
    </employee>
    <employee>
        <last_name>Weddell</last_name>
        <first_name>Christoforo</first_name>
        <id>67-9174987</id>
        <company>Feednation</company>
        <job_title>Account Executive</job_title>
        <phone>326-160-7351</phone>
    </employee>
    <employee>
        <last_name>Rossey</last_name>
        <first_name>Wilt</first_name>
        <id>83-1396302</id>
        <company>Linkbuzz</company>
        <job_title>Actuary</job_title>
        <phone>978-933-6219</phone>
    </employee>
    <employee>
        <last_name>Roo</last_name>
        <first_name>Judas</first_name>
        <id>90-4144699</id>
        <company>Bluejam</company>
        <job_title>Registered Nurse</job_title>
        <phone>548-770-0718</phone>
    </employee>
    <employee>
        <last_name>Glyne</last_name>
        <first_name>Sergio</first_name>
        <id>93-7567446</id>
        <company>Youspan</company>
        <job_title>Internal Auditor</job_title>
        <phone>950-220-8795</phone>
    </employee>
    <employee>
        <last_name>Assur</last_name>
        <first_name>Bucky</first_name>
        <id>05-0986576</id>
        <company>Zoonder</company>
        <job_title>Director of Sales</job_title>
        <phone>525-562-8583</phone>
    </employee>
    <employee>
        <last_name>Janks</last_name>
        <first_name>Lothaire</first_name>
        <id>64-8999740</id>
        <company>Oyope</company>
        <job_title>Senior Editor</job_title>
        <phone>373-164-5780</phone>
    </employee>
    <employee>
        <last_name>Hallut</last_name>
        <first_name>Cissy</first_name>
        <id>74-1368023</id>
        <company>Bubblemix</company>
        <job_title>Internal Auditor</job_title>
        <phone>351-104-7278</phone>
    </employee>
    <employee>
        <last_name>Moorman</last_name>
        <first_name>Bertrand</first_name>
        <id>12-2868443</id>
        <company>Dabshots</company>
        <job_title>Staff Accountant I</job_title>
        <phone>619-219-9569</phone>
    </employee>
    <employee>
        <last_name>Nozzolinii</last_name>
        <first_name>Jessee</first_name>
        <id>65-0861646</id>
        <company>Viva</company>
        <job_title>Design Engineer</job_title>
        <phone>720-467-6231</phone>
    </employee>
    <employee>
        <last_name>Shepstone</last_name>
        <first_name>Bernadette</first_name>
        <id>01-7172768</id>
        <company>Centizu</company>
        <job_title>Design Engineer</job_title>
        <phone>429-316-2510</phone>
    </employee>
    <employee>
        <last_name>Blackmuir</last_name>
        <first_name>Rosemary</first_name>
        <id>42-3538962</id>
        <company>Chatterpoint</company>
        <job_title>Safety Technician IV</job_title>
        <phone>541-955-2488</phone>
    </employee>
    <employee>
        <last_name>Darragh</last_name>
        <first_name>Doloritas</first_name>
        <id>05-3344965</id>
        <company>Katz</company>
        <job_title>Human Resources Assistant II</job_title>
        <phone>849-461-9854</phone>
    </employee>
    <employee>
        <last_name>Fannin</last_name>
        <first_name>Florette</first_name>
        <id>96-4728086</id>
        <company>Shufflester</company>
        <job_title>Nurse</job_title>
        <phone>723-158-4491</phone>
    </employee>
    <employee>
        <last_name>Binder</last_name>
        <first_name>Eugenius</first_name>
        <id>96-6764438</id>
        <company>Yodo</company>
        <job_title>Data Coordiator</job_title>
        <phone>949-462-7425</phone>
    </employee>
    <employee>
        <last_name>Layborn</last_name>
        <first_name>Helsa</first_name>
        <id>23-9667551</id>
        <company>Devpoint</company>
        <job_title>Paralegal</job_title>
        <phone>706-374-1025</phone>
    </employee>
    <employee>
        <last_name>Valerio</last_name>
        <first_name>Kalinda</first_name>
        <id>55-1256508</id>
        <company>Thoughtworks</company>
        <job_title>Account Executive</job_title>
        <phone>772-348-0148</phone>
    </employee>
    <employee>
        <last_name>Filip</last_name>
        <first_name>Westbrooke</first_name>
        <id>80-5679617</id>
        <company>Realpoint</company>
        <job_title>Actuary</job_title>
        <phone>258-828-2695</phone>
    </employee>
    <employee>
        <last_name>Iannitti</last_name>
        <first_name>Hedvige</first_name>
        <id>11-2176300</id>
        <company>Jabbertype</company>
        <job_title>VP Accounting</job_title>
        <phone>927-773-7104</phone>
    </employee>
    <employee>
        <last_name>Muris</last_name>
        <first_name>Vanya</first_name>
        <id>50-4467275</id>
        <company>Feedmix</company>
        <job_title>Teacher</job_title>
        <phone>285-438-4034</phone>
    </employee>
    <employee>
        <last_name>Abley</last_name>
        <first_name>Bobbette</first_name>
        <id>95-7208736</id>
        <company>Centizu</company>
        <job_title>Financial Analyst</job_title>
        <phone>140-936-7522</phone>
    </employee>
    <employee>
        <last_name>Shere</last_name>
        <first_name>Orran</first_name>
        <id>11-4481858</id>
        <company>Quamba</company>
        <job_title>Research Associate</job_title>
        <phone>420-193-2424</phone>
    </employee>
    <employee>
        <last_name>Rowell</last_name>
        <first_name>Latrina</first_name>
        <id>67-8433352</id>
        <company>Viva</company>
        <job_title>Nurse Practicioner</job_title>
        <phone>590-552-3679</phone>
    </employee>
    <employee>
        <last_name>Hardey</last_name>
        <first_name>Karmen</first_name>
        <id>62-1671585</id>
        <company>Flipopia</company>
        <job_title>Paralegal</job_title>
        <phone>834-451-0462</phone>
    </employee>
    <employee>
        <last_name>Lownsbrough</last_name>
        <first_name>Madalena</first_name>
        <id>70-1880419</id>
        <company>Avaveo</company>
        <job_title>Environmental Specialist</job_title>
        <phone>841-694-0405</phone>
    </employee>
    <employee>
        <last_name>Lamas</last_name>
        <first_name>Matthus</first_name>
        <id>99-3693528</id>
        <company>Viva</company>
        <job_title>Cost Accountant</job_title>
        <phone>513-442-0886</phone>
    </employee>
    <employee>
        <last_name>Lillico</last_name>
        <first_name>Melessa</first_name>
        <id>24-6859943</id>
        <company>Quimm</company>
        <job_title>Dental Hygienist</job_title>
        <phone>264-969-4245</phone>
    </employee>
    <employee>
        <last_name>Mityukov</last_name>
        <first_name>Rolfe</first_name>
        <id>39-8555643</id>
        <company>Ntag</company>
        <job_title>Software Engineer I</job_title>
        <phone>223-925-4179</phone>
    </employee>
    <employee>
        <last_name>Eckart</last_name>
        <first_name>Kristyn</first_name>
        <id>83-5787633</id>
        <company>Voomm</company>
        <job_title>Director of Sales</job_title>
        <phone>540-152-2326</phone>
    </employee>
    <employee>
        <last_name>De Ambrosis</last_name>
        <first_name>Sanderson</first_name>
        <id>24-2943531</id>
        <company>Skinix</company>
        <job_title>Office Assistant IV</job_title>
        <phone>622-833-7312</phone>
    </employee>
    <employee>
        <last_name>Northridge</last_name>
        <first_name>Florentia</first_name>
        <id>80-1514063</id>
        <company>Topiclounge</company>
        <job_title>VP Sales</job_title>
        <phone>856-761-2059</phone>
    </employee>
    <employee>
        <last_name>Paine</last_name>
        <first_name>Perice</first_name>
        <id>21-5654695</id>
        <company>Tavu</company>
        <job_title>Chemical Engineer</job_title>
        <phone>730-329-4905</phone>
    </employee>
    <employee>
        <last_name>Cretney</last_name>
        <first_name>Sybila</first_name>
        <id>83-0168851</id>
        <company>Centizu</company>
        <job_title>Software Test Engineer I</job_title>
        <phone>685-959-2876</phone>
    </employee>
    <employee>
        <last_name>Biermatowicz</last_name>
        <first_name>Dorella</first_name>
        <id>57-8456047</id>
        <company>Twinte</company>
        <job_title>Developer IV</job_title>
        <phone>752-743-3515</phone>
    </employee>
    <employee>
        <last_name>Brummitt</last_name>
        <first_name>Christophe</first_name>
        <id>05-7145333</id>
        <company>Eire</company>
        <job_title>Pharmacist</job_title>
        <phone>538-135-1056</phone>
    </employee>
    <employee>
        <last_name>Chese</last_name>
        <first_name>Tannie</first_name>
        <id>48-1047349</id>
        <company>Wordtune</company>
        <job_title>Sales Representative</job_title>
        <phone>294-510-6691</phone>
    </employee>
    <employee>
        <last_name>Ingrem</last_name>
        <first_name>Burgess</first_name>
        <id>87-9660361</id>
        <company>Dabfeed</company>
        <job_title>Food Chemist</job_title>
        <phone>307-164-6113</phone>
    </employee>
    <employee>
        <last_name>Zapatero</last_name>
        <first_name>Farleigh</first_name>
        <id>79-8318240</id>
        <company>Flashset</company>
        <job_title>Librarian</job_title>
        <phone>151-825-3006</phone>
    </employee>
    <employee>
        <last_name>De Roeck</last_name>
        <first_name>Randa</first_name>
        <id>28-8494615</id>
        <company>Izio</company>
        <job_title>Payment Adjustment Coordinator</job_title>
        <phone>963-235-5231</phone>
    </employee>
    <employee>
        <last_name>Kenwell</last_name>
        <first_name>Mikel</first_name>
        <id>87-4542347</id>
        <company>Tagcat</company>
        <job_title>Geologist II</job_title>
        <phone>813-409-5032</phone>
    </employee>
    <employee>
        <last_name>Slate</last_name>
        <first_name>Gerhard</first_name>
        <id>59-9858360</id>
        <company>Babblestorm</company>
        <job_title>Research Associate</job_title>
        <phone>142-136-8079</phone>
    </employee>
    <employee>
        <last_name>Kmietsch</last_name>
        <first_name>Fionna</first_name>
        <id>59-0901268</id>
        <company>Lazzy</company>
        <job_title>Payment Adjustment Coordinator</job_title>
        <phone>427-977-0414</phone>
    </employee>
    <employee>
        <last_name>Jedrys</last_name>
        <first_name>Mab</first_name>
        <id>23-3081458</id>
        <company>Eadel</company>
        <job_title>Technical Writer</job_title>
        <phone>517-168-8150</phone>
    </employee>
    <employee>
        <last_name>Grewcock</last_name>
        <first_name>Clarabelle</first_name>
        <id>70-8234177</id>
        <company>Aimbo</company>
        <job_title>Nuclear Power Engineer</job_title>
        <phone>538-437-9559</phone>
    </employee>
    <employee>
        <last_name>Bruffell</last_name>
        <first_name>Giuseppe</first_name>
        <id>79-9164306</id>
        <company>Realbuzz</company>
        <job_title>Media Manager II</job_title>
        <phone>938-925-5998</phone>
    </employee>
    <employee>
        <last_name>Knowles</last_name>
        <first_name>Veradis</first_name>
        <id>13-2072907</id>
        <company>Feedfish</company>
        <job_title>Technical Writer</job_title>
        <phone>772-113-4051</phone>
    </employee>
    <employee>
        <last_name>Vasenkov</last_name>
        <first_name>Lyn</first_name>
        <id>17-7788594</id>
        <company>Oloo</company>
        <job_title>Associate Professor</job_title>
        <phone>347-140-6392</phone>
    </employee>
    <employee>
        <last_name>Karlsson</last_name>
        <first_name>Currie</first_name>
        <id>75-0564515</id>
        <company>Katz</company>
        <job_title>Occupational Therapist</job_title>
        <phone>412-263-3689</phone>
    </employee>
    <employee>
        <last_name>Lawrenceson</last_name>
        <first_name>Gratia</first_name>
        <id>55-1309151</id>
        <company>Trudeo</company>
        <job_title>Senior Financial Analyst</job_title>
        <phone>208-652-2284</phone>
    </employee>
    <employee>
        <last_name>Ridgway</last_name>
        <first_name>Evelyn</first_name>
        <id>00-5928792</id>
        <company>Devpoint</company>
        <job_title>Financial Analyst</job_title>
        <phone>221-995-3551</phone>
    </employee>
    <employee>
        <last_name>Freckleton</last_name>
        <first_name>Bibbie</first_name>
        <id>31-0134633</id>
        <company>Vinder</company>
        <job_title>Assistant Manager</job_title>
        <phone>707-977-9172</phone>
    </employee>
    <employee>
        <last_name>Randalson</last_name>
        <first_name>Dalt</first_name>
        <id>17-8662543</id>
        <company>Jaxnation</company>
        <job_title>Account Representative I</job_title>
        <phone>311-905-0934</phone>
    </employee>
    <employee>
        <last_name>Featherstone</last_name>
        <first_name>Bartholemy</first_name>
        <id>45-9648925</id>
        <company>Dynazzy</company>
        <job_title>Staff Accountant I</job_title>
        <phone>586-239-7384</phone>
    </employee>
    <employee>
        <last_name>Garritley</last_name>
        <first_name>Magda</first_name>
        <id>03-0361236</id>
        <company>Kwilith</company>
        <job_title>Structural Engineer</job_title>
        <phone>560-911-5743</phone>
    </employee>
    <employee>
        <last_name>Larcier</last_name>
        <first_name>Otho</first_name>
        <id>00-2454748</id>
        <company>Twinder</company>
        <job_title>General Manager</job_title>
        <phone>411-459-4520</phone>
    </employee>
    <employee>
        <last_name>Spruce</last_name>
        <first_name>Timmie</first_name>
        <id>88-7454318</id>
        <company>Skivee</company>
        <job_title>Research Assistant IV</job_title>
        <phone>276-509-5173</phone>
    </employee>
    <employee>
        <last_name>Wybourne</last_name>
        <first_name>Brynne</first_name>
        <id>91-7057902</id>
        <company>Centidel</company>
        <job_title>Financial Analyst</job_title>
        <phone>211-160-9273</phone>
    </employee>
    <employee>
        <last_name>Shuard</last_name>
        <first_name>Scottie</first_name>
        <id>99-9180121</id>
        <company>Devcast</company>
        <job_title>Nuclear Power Engineer</job_title>
        <phone>412-614-2932</phone>
    </employee>
    <employee>
        <last_name>Walker</last_name>
        <first_name>Joannes</first_name>
        <id>25-9320291</id>
        <company>Feedfish</company>
        <job_title>Actuary</job_title>
        <phone>319-282-5222</phone>
    </employee>
    <employee>
        <last_name>Shephard</last_name>
        <first_name>Katuscha</first_name>
        <id>97-8939504</id>
        <company>Thoughtsphere</company>
        <job_title>Environmental Tech</job_title>
        <phone>552-191-2650</phone>
    </employee>
    <employee>
        <last_name>Harse</last_name>
        <first_name>Amabelle</first_name>
        <id>75-3540210</id>
        <company>Oyoyo</company>
        <job_title>Quality Engineer</job_title>
        <phone>229-942-0521</phone>
    </employee>
    <employee>
        <last_name>Winram</last_name>
        <first_name>Jameson</first_name>
        <id>53-0980056</id>
        <company>Cogidoo</company>
        <job_title>Data Coordiator</job_title>
        <phone>511-704-4912</phone>
    </employee>
    <employee>
        <last_name>Bienvenu</last_name>
        <first_name>Allys</first_name>
        <id>58-2291001</id>
        <company>Thoughtbridge</company>
        <job_title>Programmer II</job_title>
        <phone>886-737-6086</phone>
    </employee>
    <employee>
        <last_name>McCrossan</last_name>
        <first_name>Lana</first_name>
        <id>09-1527059</id>
        <company>Youspan</company>
        <job_title>Research Associate</job_title>
        <phone>615-424-5734</phone>
    </employee>
    <employee>
        <last_name>Badman</last_name>
        <first_name>Will</first_name>
        <id>92-8002908</id>
        <company>Ozu</company>
        <job_title>Web Designer III</job_title>
        <phone>868-866-1922</phone>
    </employee>
    <employee>
        <last_name>Arens</last_name>
        <first_name>Greer</first_name>
        <id>17-0564015</id>
        <company>Browsedrive</company>
        <job_title>Software Test Engineer IV</job_title>
        <phone>447-793-8063</phone>
    </employee>
    <employee>
        <last_name>Borless</last_name>
        <first_name>Cacilie</first_name>
        <id>38-7869824</id>
        <company>Photojam</company>
        <job_title>Financial Advisor</job_title>
        <phone>889-385-4640</phone>
    </employee>
    <employee>
        <last_name>Tassaker</last_name>
        <first_name>Jeffry</first_name>
        <id>24-3494785</id>
        <company>Yodel</company>
        <job_title>Chief Design Engineer</job_title>
        <phone>302-951-2996</phone>
    </employee>
    <employee>
        <last_name>Eastman</last_name>
        <first_name>Lanie</first_name>
        <id>15-8545671</id>
        <company>Eimbee</company>
        <job_title>Operator</job_title>
        <phone>598-830-2120</phone>
    </employee>
    <employee>
        <last_name>Dorrity</last_name>
        <first_name>Milly</first_name>
        <id>77-9536434</id>
        <company>Skipfire</company>
        <job_title>Help Desk Operator</job_title>
        <phone>719-451-1291</phone>
    </employee>
    <employee>
        <last_name>Coggins</last_name>
        <first_name>Erna</first_name>
        <id>25-4198375</id>
        <company>Brainsphere</company>
        <job_title>Assistant Manager</job_title>
        <phone>656-758-4556</phone>
    </employee>
    <employee>
        <last_name>Townshend</last_name>
        <first_name>Cayla</first_name>
        <id>34-6971500</id>
        <company>Dabshots</company>
        <job_title>Senior Quality Engineer</job_title>
        <phone>312-376-9741</phone>
    </employee>
    <employee>
        <last_name>MacKaile</last_name>
        <first_name>Eadie</first_name>
        <id>58-3454788</id>
        <company>Fivespan</company>
        <job_title>Pharmacist</job_title>
        <phone>818-922-2802</phone>
    </employee>
    <employee>
        <last_name>Shovelbottom</last_name>
        <first_name>Lydie</first_name>
        <id>05-2758268</id>
        <company>Mydeo</company>
        <job_title>Research Associate</job_title>
        <phone>497-769-8954</phone>
    </employee>
    <employee>
        <last_name>Clynter</last_name>
        <first_name>Kerrin</first_name>
        <id>79-1067240</id>
        <company>Fanoodle</company>
        <job_title>Executive Secretary</job_title>
        <phone>998-555-4998</phone>
    </employee>
    <employee>
        <last_name>McCorry</last_name>
        <first_name>Alfredo</first_name>
        <id>43-8740453</id>
        <company>Oyope</company>
        <job_title>Automation Specialist IV</job_title>
        <phone>780-858-7953</phone>
    </employee>
    <employee>
        <last_name>Craighead</last_name>
        <first_name>Domingo</first_name>
        <id>66-5411405</id>
        <company>Ntag</company>
        <job_title>Geological Engineer</job_title>
        <phone>602-910-5173</phone>
    </employee>
    <employee>
        <last_name>Hellier</last_name>
        <first_name>Siusan</first_name>
        <id>21-5726930</id>
        <company>Oyoloo</company>
        <job_title>Engineer I</job_title>
        <phone>975-977-3901</phone>
    </employee>
    <employee>
        <last_name>McLean</last_name>
        <first_name>Annie</first_name>
        <id>41-0307373</id>
        <company>Wordpedia</company>
        <job_title>Financial Analyst</job_title>
        <phone>473-634-0739</phone>
    </employee>
    <employee>
        <last_name>O'Fihily</last_name>
        <first_name>Conn</first_name>
        <id>61-6004749</id>
        <company>Blogpad</company>
        <job_title>Safety Technician III</job_title>
        <phone>133-661-8441</phone>
    </employee>
    <employee>
        <last_name>Buckingham</last_name>
        <first_name>Oberon</first_name>
        <id>33-4485770</id>
        <company>Skipfire</company>
        <job_title>Payment Adjustment Coordinator</job_title>
        <phone>806-660-5507</phone>
    </employee>
    <employee>
        <last_name>Gladebeck</last_name>
        <first_name>Stephie</first_name>
        <id>76-0648456</id>
        <company>Feedbug</company>
        <job_title>Systems Administrator II</job_title>
        <phone>908-248-2897</phone>
    </employee>
    <employee>
        <last_name>Locock</last_name>
        <first_name>Corry</first_name>
        <id>69-2616884</id>
        <company>Innotype</company>
        <job_title>Design Engineer</job_title>
        <phone>455-210-5153</phone>
    </employee>
    <employee>
        <last_name>Cowely</last_name>
        <first_name>Bell</first_name>
        <id>53-1951503</id>
        <company>Topicware</company>
        <job_title>Senior Developer</job_title>
        <phone>520-128-7691</phone>
    </employee>
    <employee>
        <last_name>de Wilde</last_name>
        <first_name>Katharine</first_name>
        <id>77-0618368</id>
        <company>Dynabox</company>
        <job_title>Statistician IV</job_title>
        <phone>933-186-3360</phone>
    </employee>
    <employee>
        <last_name>Lattimore</last_name>
        <first_name>Kippie</first_name>
        <id>17-4792671</id>
        <company>Devcast</company>
        <job_title>Cost Accountant</job_title>
        <phone>424-471-9385</phone>
    </employee>
    <employee>
        <last_name>Watling</last_name>
        <first_name>Nathalia</first_name>
        <id>47-1471246</id>
        <company>Quire</company>
        <job_title>Civil Engineer</job_title>
        <phone>847-494-0284</phone>
    </employee>
    <employee>
        <last_name>Redmille</last_name>
        <first_name>Alexis</first_name>
        <id>38-6221308</id>
        <company>Zooveo</company>
        <job_title>Community Outreach Specialist</job_title>
        <phone>787-694-8948</phone>
    </employee>
    <employee>
        <last_name>Fleay</last_name>
        <first_name>Bev</first_name>
        <id>23-9904827</id>
        <company>Rooxo</company>
        <job_title>Staff Accountant IV</job_title>
        <phone>708-450-9794</phone>
    </employee>
    <employee>
        <last_name>Le Sieur</last_name>
        <first_name>Babita</first_name>
        <id>11-5088050</id>
        <company>Oyondu</company>
        <job_title>Senior Sales Associate</job_title>
        <phone>723-816-3459</phone>
    </employee>
    <employee>
        <last_name>Casbon</last_name>
        <first_name>Noel</first_name>
        <id>97-6057239</id>
        <company>Divavu</company>
        <job_title>Senior Financial Analyst</job_title>
        <phone>139-836-5950</phone>
    </employee>
    <employee>
        <last_name>Nugent</last_name>
        <first_name>Sharl</first_name>
        <id>06-4849982</id>
        <company>Reallinks</company>
        <job_title>Software Test Engineer III</job_title>
        <phone>549-853-9995</phone>
    </employee>
    <employee>
        <last_name>Blasoni</last_name>
        <first_name>Maddi</first_name>
        <id>88-6933783</id>
        <company>Einti</company>
        <job_title>Recruiter</job_title>
        <phone>102-228-0854</phone>
    </employee>
    <employee>
        <last_name>Baynon</last_name>
        <first_name>Michal</first_name>
        <id>44-9793498</id>
        <company>Brightdog</company>
        <job_title>Recruiter</job_title>
        <phone>710-599-6763</phone>
    </employee>
    <employee>
        <last_name>Derisley</last_name>
        <first_name>Eamon</first_name>
        <id>72-6103717</id>
        <company>Eayo</company>
        <job_title>Financial Analyst</job_title>
        <phone>795-614-6545</phone>
    </employee>
    <employee>
        <last_name>Voyce</last_name>
        <first_name>Franchot</first_name>
        <id>26-8516767</id>
        <company>Quatz</company>
        <job_title>Environmental Specialist</job_title>
        <phone>999-530-7619</phone>
    </employee>
    <employee>
        <last_name>Sturgeon</last_name>
        <first_name>Nikolaus</first_name>
        <id>56-6036805</id>
        <company>Quimba</company>
        <job_title>Marketing Manager</job_title>
        <phone>962-366-9792</phone>
    </employee>
    <employee>
        <last_name>Bartlosz</last_name>
        <first_name>Archibold</first_name>
        <id>85-8535409</id>
        <company>Oozz</company>
        <job_title>Social Worker</job_title>
        <phone>149-840-0995</phone>
    </employee>
    <employee>
        <last_name>Boot</last_name>
        <first_name>Hadlee</first_name>
        <id>83-0161400</id>
        <company>Kwinu</company>
        <job_title>Computer Systems Analyst III</job_title>
        <phone>343-133-4323</phone>
    </employee>
    <employee>
        <last_name>Eadie</last_name>
        <first_name>Hilliary</first_name>
        <id>88-3335930</id>
        <company>Bluezoom</company>
        <job_title>Design Engineer</job_title>
        <phone>140-916-2370</phone>
    </employee>
    <employee>
        <last_name>Cutbush</last_name>
        <first_name>Ermin</first_name>
        <id>82-7896040</id>
        <company>Avavee</company>
        <job_title>Dental Hygienist</job_title>
        <phone>958-468-5039</phone>
    </employee>
    <employee>
        <last_name>Karlik</last_name>
        <first_name>Audie</first_name>
        <id>04-0435496</id>
        <company>Eazzy</company>
        <job_title>Analyst Programmer</job_title>
        <phone>275-549-6106</phone>
    </employee>
    <employee>
        <last_name>Guilaem</last_name>
        <first_name>Iris</first_name>
        <id>99-6173589</id>
        <company>Realcube</company>
        <job_title>Research Associate</job_title>
        <phone>662-841-3906</phone>
    </employee>
    <employee>
        <last_name>Niese</last_name>
        <first_name>Conny</first_name>
        <id>66-3385696</id>
        <company>Jaxnation</company>
        <job_title>Systems Administrator III</job_title>
        <phone>152-506-6714</phone>
    </employee>
</dataset>